{
  "benchmark": "inference_runtime_regression_gate",
  "device": "cpu",
  "batch_size": 16,
  "input_size": 1024,
  "hidden_size": 2048,
  "output_size": 1000,
  "iterations": 300,
  "warmup": 30,
  "controlled_delay_ms": 0.0,
  "throughput_requests_per_second": 419.7616509032242,
  "stages": {
    "preprocess_ms": {
      "samples": 300,
      "mean_ms": 0.010110665656005343,
      "p50_ms": 0.00879995059221983,
      "p95_ms": 0.017305015353485942,
      "p99_ms": 0.01882091164588926,
      "min_ms": 0.005499925464391708,
      "max_ms": 0.05550007335841656
    },
    "model_ms": {
      "samples": 300,
      "mean_ms": 2.1702783360766866,
      "p50_ms": 2.0621500443667173,
      "p95_ms": 2.7089700161013752,
      "p99_ms": 3.4366099734324957,
      "min_ms": 1.7350999405607581,
      "max_ms": 8.681699982844293
    },
    "controlled_delay_ms": {
      "samples": 300,
      "mean_ms": 0.0009756659468015035,
      "p50_ms": 0.0008500064723193645,
      "p95_ms": 0.0013999000657349825,
      "p99_ms": 0.0020010140724480143,
      "min_ms": 0.000500003807246685,
      "max_ms": 0.01850002445280552
    },
    "postprocess_ms": {
      "samples": 300,
      "mean_ms": 0.17620533161486188,
      "p50_ms": 0.1622500130906701,
      "p95_ms": 0.25534507585689425,
      "p99_ms": 0.3184270951896906,
      "min_ms": 0.09109999518841505,
      "max_ms": 0.7538000354543328
    },
    "serialization_ms": {
      "samples": 300,
      "mean_ms": 0.022562331675241392,
      "p50_ms": 0.020250037778168917,
      "p95_ms": 0.03334002103656531,
      "p99_ms": 0.05487506743520491,
      "min_ms": 0.01309998333454132,
      "max_ms": 0.08610007353127003
    },
    "end_to_end_ms": {
      "samples": 300,
      "mean_ms": 2.3819619979864606,
      "p50_ms": 2.2636500652879477,
      "p95_ms": 2.932715072529391,
      "p99_ms": 3.6686639860272394,
      "min_ms": 1.9166000420227647,
      "max_ms": 8.881799993105233
    }
  }
}