{
  "benchmark": "inference_runtime_regression_gate",
  "device": "cpu",
  "batch_size": 16,
  "input_size": 1024,
  "hidden_size": 2048,
  "output_size": 1000,
  "iterations": 300,
  "warmup": 30,
  "controlled_delay_ms": 2.0,
  "throughput_requests_per_second": 196.6036200375774,
  "stages": {
    "preprocess_ms": {
      "samples": 300,
      "mean_ms": 0.012716333149001002,
      "p50_ms": 0.011400028597563505,
      "p95_ms": 0.01880491618067026,
      "p99_ms": 0.04220197326503694,
      "min_ms": 0.007200054824352264,
      "max_ms": 0.050200033001601696
    },
    "model_ms": {
      "samples": 300,
      "mean_ms": 2.620126336502532,
      "p50_ms": 2.163700060918927,
      "p95_ms": 4.221885011065751,
      "p99_ms": 8.67011900176294,
      "min_ms": 1.5051000518724322,
      "max_ms": 33.566700061783195
    },
    "controlled_delay_ms": {
      "samples": 300,
      "mean_ms": 2.2248136593649783,
      "p50_ms": 2.0689499797299504,
      "p95_ms": 2.556289912899956,
      "p99_ms": 2.6143479964230205,
      "min_ms": 2.0343000069260597,
      "max_ms": 2.7523000026121736
    },
    "postprocess_ms": {
      "samples": 300,
      "mean_ms": 0.20090033882297575,
      "p50_ms": 0.19299995619803667,
      "p95_ms": 0.28641996905207634,
      "p99_ms": 0.385692019481211,
      "min_ms": 0.11459994129836559,
      "max_ms": 0.6575000006705523
    },
    "serialization_ms": {
      "samples": 300,
      "mean_ms": 0.024639663752168417,
      "p50_ms": 0.022900057956576347,
      "p95_ms": 0.03899995354004204,
      "p99_ms": 0.05794497556053098,
      "min_ms": 0.014899997040629387,
      "max_ms": 0.1357999863103032
    },
    "end_to_end_ms": {
      "samples": 300,
      "mean_ms": 5.086011000676081,
      "p50_ms": 4.682450031396002,
      "p95_ms": 6.675960042048247,
      "p99_ms": 11.081569058587771,
      "min_ms": 3.7474000127986073,
      "max_ms": 35.99959996063262
    }
  }
}